Scaler Mean,Scaler std
53.73960206981749,25.822445129266665
17.984122674984217,9.567624807767073
3.291938546295513,2.1895280886151127
